Listings,URLs,Prices
"Corsair Gaming™ K68 RGB Rapidfire Mechanical Gaming Keyboard, Backlit RGB LED, Cherry MX Speed, Dust and Spill Resistant",/Corsair-GamingTM-Rapidfire-Mechanical-Resistant/dp/B07QBD76TX/ref=sr_1_4?keywords=mechanical+keyboard&qid=1579454366&sr=8-4,"139
."
"Redragon K582 SURARA RGB Gaming Keyboard, 104 Standard Layout N-Key Rollover Mechanical Keyboard Built-in Linear & Quiet Red Switches, Ergonomic Design and Fast Actuation Perfect for Typing and Gaming",/Redragon-K582-Mechanical-Keyboard-Anti-ghosting/dp/B07KCRTN9Q/ref=sr_1_5?keywords=mechanical+keyboard&qid=1579454366&sr=8-5,"59
."
"Eagletec KG011 Mechanical Keyboard, USB Wired Natural Ergonomic Keyboard, Industrial Aluminium, Backlit and Blue Switch with 104 Illuminated LED backlighted Keys for Windows PC Office Gamer - White",/Mechanical-Illuminated-backlighted-KG011-EagleTec/dp/B015MQH59A/ref=sr_1_7?keywords=mechanical+keyboard&qid=1579454366&sr=8-7,"52
."
Keyboard Mechanical Gaming 104 Keys Backlit Wired Usb Rgb Led Backlight Key,https://www.ebay.ca/itm/Keyboard-Mechanical-Gaming-104-Keys-Backlit-Wired-Usb-Rgb-Led-Backlight-Key/274146525253?_trkparms=ispr%3D1&hash=item3fd4680045:m:mTHar07V0_hR-O8xsS0Oq_A&enc=AQAEAAACUBPxNw%2BVj6nta7CKEs3N0qWRFLpbWP8B12V4C1fYazKItTxBxqgZzIO2LgeLRcnjAWDd%2B7vFzM7%2FwSkqhxMWNEnH1tf26igV5cRUTmjKuOkPu2UXGQ6JwnHf7DusnZa37uPDOskPllK6Ehgo6xifI7rtOkc%2Fw0bpO2qJdc%2BvbyWSlJ7GV3giwxkkTC%2FWumQYY0jrQjRbCkuChgnPbRphXZDXJjSPrp8hsbJ7SWCvpJdCH03OLEHqGgNAJqc9ftVktpOQYY%2BBAOUT2d5gj91pTvSTEY%2FLKMWU9Vc7KgAMwIV4ehtjs8qLbH%2BlT6vXllyO3HH6IGvxakFwraxTHCEoo%2BjbrmolgF0N5uppjqPCf7MsZqRf5oae95SthYTReIGxvCv5R2nLErsqGfMpH1p2gnEgzdiWMs2b7AbVYtylYlRlkLmpcbyPbWwFJ1QtwlXqmVDmNEjXzMlAwZazYZNHPu0%2BsfHz2bX1T0P4bn8ziplfhKxaY5beo0%2FPVS1oTC%2B5%2BD5dpb3bZkrOyUyP%2B0QP%2Be2pu5xk%2BiGa0vosp1mX69mzREZJbLtEdfWxnxZ2%2Bm8sacabPZj%2F8kosyQPJWLDHGo8e6uvP7a3PT2iWnsraQmEgTTwN%2FPhwKHptIn1r%2BZxN6G3zRRdsKb7I%2FsP8wkDMNXpW1%2F8r7SOlrTK3hlqOLAxKs5zPfyrI5vfQ%2BK7N6ipiu%2FdD00MGqA0M%2F5IDxloQhJH2Rs0Z5npx01CHqiP6zEY5AAc%2FLBjW%2Fbg1NIB%2FAyrbQ%2BqNNjEu2PqB2OZ0BsSws%2Bc%3D&checksum=274146525253f6601f1526ac48d1a953412b77702e7f,C $19.58
Real Mechanical USB Keyboard Enhanded Gaming Backlit LED Changeable Color Black,https://www.ebay.ca/itm/Real-Mechanical-USB-Keyboard-Enhanded-Gaming-Backlit-LED-Changeable-Color-Black/291971572923?_trkparms=ispr%3D1&hash=item43fadca4bb:g:L5cAAOSw-0xYUKnd&enc=AQAEAAACQBPxNw%2BVj6nta7CKEs3N0qXdvEaxYFCCgJStoxlZoSPmS1cYT0BG089l20S85rm85NfcwGBMSLFKOr6rpbNWkiUd1u%2F%2FuUXsG8ZxotHweGAMYSg%2FNk%2FU73WQeb0MdWJjUp%2FM9MN5SwIIUNMM02DcDNj%2BHSVbSUXj1i4Ern0LqSLM4HTx1GLnjHdplL9ZZ4lrwvJivM9BNamZKouzEw5uZpwNby2oJvCBAD7dsZeX%2BOkM9WnymnYQXA3oHkmhxD8KVXhnIKSQxAB%2B4CajgrhjGqrZcWd%2F8Awk8Pujfmkf%2FAWam6hBdJIWwil3ulFelcGnQ8QFoPHcHFRqt2Cj4AKNpjt9sOX1Zi90WL3MdlK%2Bog8m9%2FyUOjzjHvzdWnpkIHH9SElWrUy84qAtl38RDzcVmbe3nXZloZz5BIt54%2Bwqv37D7M7RwA9p7I16uPPcedzsYMLGZsdeYaCEsMWryA%2FKlwHM2kQ6YyOT39E8u7E1wGCcOK2us8cEfDptrM5Qp%2F%2BHXPZj6l7y24SL72ostlVRMXmkiEfVhG93muz7fXNmfwpiyWymkl2DJFHNqe6mD4kfNQxYGq89xfJ4N2yc7eIaP2yvmDaEV5rvXZk%2F%2B7hDnveWkMqEwWmLvsvd1QlsYC9fhU8yFrhJ85P99CjfeLcLKCvhBLSrCQkApgkQLRenuiNUkoN9p93ZTKQsCLPuR4ThL4s3LFuuwyarup1bdarj3vKSzFbMgLg1uZ4B02RYpB1DLySSHrYsSK7WyfC%2BcmV8bQ%3D%3D&checksum=291971572923f6601f1526ac48d1a953412b77702e7f,C $46.99
Keyboard Mechanical Gaming 104 Keys Backlit Wired Usb RGB With Led Backlight Key,https://www.ebay.ca/itm/Keyboard-Mechanical-Gaming-104-Keys-Backlit-Wired-Usb-RGB-With-Led-Backlight-Key/312838968505?_trkparms=ispr%3D1&hash=item48d6a7d4b9:m:mUL1l4HK0dOPgYAqR4ksWaA&enc=AQAEAAACUBPxNw%2BVj6nta7CKEs3N0qXWabVfjD0UeyhG40nsNviS3nTKvMmjRx%2BBjW5OapVzpWBjO5CbJB1K5gb%2FvpGEjEZj3XgRSp6%2FVEcFegeq3tvlmEM2Z7EAulejF0giiPrXKdEozd5FDtSa4lAudycdYIH1ksh32ik7Y2vDfLyvjC5Po2LI5bRIBwa2LRSY46hnIQU7I9FqMZbKHtTj9pN6VjDrjsMzORC%2B6TTL0tPHRlCvgh8AYtybywDhSoG6BVzBOTCYn10jUOuXB3wqgbLs5D0S8mikbrOV2gpRLRzQnSTOdICgg57Psx8birjGnGlOsOHp3rfKBNjiHw585OXO%2FOTBu6tJhkbrHJMF90sR%2FrDcpeQukqma69ETpJQMhWvPckrydZJ8ipGKlePFwi18JVMkU6CnDleDdC1mPAxrlpF9urdEXQhUtpHypiKCC%2FwccrCUy5WTsa5P%2B3taW9qEHeVMb66kLBK3N9CUeq85tTWoBxMWSqnqg8v7LaO0Wkpro0DYYVJQNaM9mE%2B18QtjenLk2kUSr1j7aPAeEQHVVoewGkl012YrKbGg5p1ajxhcPRWyMxQba6HPCIdgbV96bnbxEiuSi5pzP7vMWXTdujZuC7zlnn08LMZbYGnfuNCy5G4EMwIuWC5vxrtommI5pzOs1jvOEFmT9PsnVF5Y8Ylu%2FTlDKmbTD348KOQzMJmjiyQUJD4Pxws1feEoHG0Zc0E9IwH6Hh9jeUBz%2Bxh4MKbOtrLINAZ5nS9XgekH4zLHEbc7S56L9%2BEi9Lt6buCsAvM%3D&checksum=312838968505f6601f1526ac48d1a953412b77702e7f,C $20.88
Razer Huntsman Mechanical Keyboard,/en/ip/razer-huntsman-mechanical-keyboard/6000199784515,"$195
.
72"
DKJ Kingangjia X100 Rainbow LED Backlit Gaming Keyboard Mechanical Feel Illuminated Keyboard,/en/ip/DKJ-Kingangjia-X100-Rainbow-LED-Backlit-Gaming-Keyboard-Mechanical-Feel-Illuminated-Keyboard/PRD6DK5SKGHDZGN,"$19
.
39"
Metal Keycaps for Mechanical Keyboards,/en/ip/metal-keycaps-for-mechanical-keyboards-black/6000198491946,"$95
.
98"
